{
  "experiments": {
    "23": "resnet50",
    "26": "vgg16",
    "27": "densenet121",
    "28": "inceptionv3"
  },
  "n_common": 1393,
  "alpha": 0.05,
  "alpha_corrected": 0.008333333333333333,
  "source": "rsna",
  "test_mode": "both",
  "n_bootstrap": 10000,
  "paired_tests": [
    {
      "exp_a": 23,
      "backbone_a": "resnet50",
      "mae_a": 16.169032579519214,
      "exp_b": 26,
      "backbone_b": "vgg16",
      "mae_b": 37.194933911150336,
      "n_common": 1393,
      "wilcoxon_W": 110062.0,
      "wilcoxon_p": 6.267608177308174e-138,
      "wilcoxon_p_corrected": 3.7605649063849043e-137,
      "wilcoxon_r": 0.8866416526164332,
      "wilcoxon_significant": true,
      "bootstrap_delta": -21.025901331631122,
      "bootstrap_ci_lo": -22.29666420141742,
      "bootstrap_ci_hi": -19.744736282789525,
      "bootstrap_p": 0.0,
      "bootstrap_p_corrected": 0.0,
      "bootstrap_significant": true
    },
    {
      "exp_a": 23,
      "backbone_a": "resnet50",
      "mae_a": 16.169032579519214,
      "exp_b": 27,
      "backbone_b": "densenet121",
      "mae_b": 14.180433586870947,
      "n_common": 1393,
      "wilcoxon_W": 385687.0,
      "wilcoxon_p": 3.0478283884587e-11,
      "wilcoxon_p_corrected": 1.8286970330752197e-10,
      "wilcoxon_r": 0.6027617076981546,
      "wilcoxon_significant": true,
      "bootstrap_delta": 1.9885989926482672,
      "bootstrap_ci_lo": 1.4048265758043388,
      "bootstrap_ci_hi": 2.5845841191093957,
      "bootstrap_p": 0.0,
      "bootstrap_p_corrected": 0.0,
      "bootstrap_significant": true
    },
    {
      "exp_a": 23,
      "backbone_a": "resnet50",
      "mae_a": 16.169032579519214,
      "exp_b": 28,
      "backbone_b": "inceptionv3",
      "mae_b": 13.59384201690608,
      "n_common": 1393,
      "wilcoxon_W": 374773.0,
      "wilcoxon_p": 1.6930198966463317e-13,
      "wilcoxon_p_corrected": 1.015811937987799e-12,
      "wilcoxon_r": 0.6140025810544834,
      "wilcoxon_significant": true,
      "bootstrap_delta": 2.575190562613134,
      "bootstrap_ci_lo": 1.8879236727931568,
      "bootstrap_ci_hi": 3.2426351426748274,
      "bootstrap_p": 0.0,
      "bootstrap_p_corrected": 0.0,
      "bootstrap_significant": true
    },
    {
      "exp_a": 26,
      "backbone_a": "vgg16",
      "mae_a": 37.194933911150336,
      "exp_b": 27,
      "backbone_b": "densenet121",
      "mae_b": 14.180433586870947,
      "n_common": 1393,
      "wilcoxon_W": 92524.0,
      "wilcoxon_p": 6.326979240547143e-151,
      "wilcoxon_p_corrected": 3.796187544328286e-150,
      "wilcoxon_r": 0.9047049142000224,
      "wilcoxon_significant": true,
      "bootstrap_delta": 23.01450032427939,
      "bootstrap_ci_lo": 21.708530783259608,
      "bootstrap_ci_hi": 24.316388255267892,
      "bootstrap_p": 0.0,
      "bootstrap_p_corrected": 0.0,
      "bootstrap_significant": true
    },
    {
      "exp_a": 26,
      "backbone_a": "vgg16",
      "mae_a": 37.194933911150336,
      "exp_b": 28,
      "backbone_b": "inceptionv3",
      "mae_b": 13.59384201690608,
      "n_common": 1393,
      "wilcoxon_W": 82752.0,
      "wilcoxon_p": 2.010905297825223e-158,
      "wilcoxon_p_corrected": 1.2065431786951337e-157,
      "wilcoxon_r": 0.9147695847550934,
      "wilcoxon_significant": true,
      "bootstrap_delta": 23.601091894244256,
      "bootstrap_ci_lo": 22.305014591497738,
      "bootstrap_ci_hi": 24.883089581377966,
      "bootstrap_p": 0.0,
      "bootstrap_p_corrected": 0.0,
      "bootstrap_significant": true
    },
    {
      "exp_a": 27,
      "backbone_a": "densenet121",
      "mae_a": 14.180433586870947,
      "exp_b": 28,
      "backbone_b": "inceptionv3",
      "mae_b": 13.59384201690608,
      "n_common": 1393,
      "wilcoxon_W": 456019.0,
      "wilcoxon_p": 0.049925108891839744,
      "wilcoxon_p_corrected": 0.2995506533510385,
      "wilcoxon_r": 0.5303232703793614,
      "wilcoxon_significant": false,
      "bootstrap_delta": 0.5865915699648667,
      "bootstrap_ci_lo": -0.05454530110054642,
      "bootstrap_ci_hi": 1.1893783028144573,
      "bootstrap_p": 0.0645,
      "bootstrap_p_corrected": 0.387,
      "bootstrap_significant": false
    }
  ]
}