{
  "experiments": {
    "23": "resnet50",
    "26": "vgg16",
    "27": "densenet121",
    "28": "inceptionv3"
  },
  "n_common": 98,
  "alpha": 0.05,
  "alpha_corrected": 0.008333333333333333,
  "source": "mex",
  "test_mode": "both",
  "n_bootstrap": 10000,
  "paired_tests": [
    {
      "exp_a": 23,
      "backbone_a": "resnet50",
      "mae_a": 17.41695345664511,
      "exp_b": 26,
      "backbone_b": "vgg16",
      "mae_b": 28.915660079644653,
      "n_common": 98,
      "wilcoxon_W": 1298.0,
      "wilcoxon_p": 6.458973485306948e-05,
      "wilcoxon_p_corrected": 0.00038753840911841687,
      "wilcoxon_r": 0.7324263038548753,
      "wilcoxon_significant": true,
      "bootstrap_delta": -11.498706622999542,
      "bootstrap_ci_lo": -16.570531831468855,
      "bootstrap_ci_hi": -6.38094917998022,
      "bootstrap_p": 0.0001,
      "bootstrap_p_corrected": 0.0006000000000000001,
      "bootstrap_significant": true
    },
    {
      "exp_a": 23,
      "backbone_a": "resnet50",
      "mae_a": 17.41695345664511,
      "exp_b": 27,
      "backbone_b": "densenet121",
      "mae_b": 17.920249744337433,
      "n_common": 98,
      "wilcoxon_W": 2397.0,
      "wilcoxon_p": 0.91955685512628,
      "wilcoxon_p_corrected": 5.51734113075768,
      "wilcoxon_r": 0.5058750773036487,
      "wilcoxon_significant": false,
      "bootstrap_delta": -0.5032962876923222,
      "bootstrap_ci_lo": -3.1331685134342737,
      "bootstrap_ci_hi": 2.0722927881746847,
      "bootstrap_p": 0.7092,
      "bootstrap_p_corrected": 4.2552,
      "bootstrap_significant": false
    },
    {
      "exp_a": 23,
      "backbone_a": "resnet50",
      "mae_a": 17.41695345664511,
      "exp_b": 28,
      "backbone_b": "inceptionv3",
      "mae_b": 17.15889004298619,
      "n_common": 98,
      "wilcoxon_W": 2320.0,
      "wilcoxon_p": 0.7085178728168802,
      "wilcoxon_p_corrected": 4.251107236901281,
      "wilcoxon_r": 0.5217480931766646,
      "wilcoxon_significant": false,
      "bootstrap_delta": 0.2580634136589204,
      "bootstrap_ci_lo": -2.711945337178754,
      "bootstrap_ci_hi": 3.1624917234693237,
      "bootstrap_p": 0.8659,
      "bootstrap_p_corrected": 5.1954,
      "bootstrap_significant": false
    },
    {
      "exp_a": 26,
      "backbone_a": "vgg16",
      "mae_a": 28.915660079644653,
      "exp_b": 27,
      "backbone_b": "densenet121",
      "mae_b": 17.920249744337433,
      "n_common": 98,
      "wilcoxon_W": 1282.0,
      "wilcoxon_p": 5.076423791866002e-05,
      "wilcoxon_p_corrected": 0.0003045854275119601,
      "wilcoxon_r": 0.7357245928674501,
      "wilcoxon_significant": true,
      "bootstrap_delta": 10.99541033530722,
      "bootstrap_ci_lo": 5.763998204834607,
      "bootstrap_ci_hi": 16.128854949133736,
      "bootstrap_p": 0.0,
      "bootstrap_p_corrected": 0.0,
      "bootstrap_significant": true
    },
    {
      "exp_a": 26,
      "backbone_a": "vgg16",
      "mae_a": 28.915660079644653,
      "exp_b": 28,
      "backbone_b": "inceptionv3",
      "mae_b": 17.15889004298619,
      "n_common": 98,
      "wilcoxon_W": 1179.0,
      "wilcoxon_p": 1.000484318221401e-05,
      "wilcoxon_p_corrected": 6.0029059093284056e-05,
      "wilcoxon_r": 0.7569573283858998,
      "wilcoxon_significant": true,
      "bootstrap_delta": 11.756770036658462,
      "bootstrap_ci_lo": 6.748839530166317,
      "bootstrap_ci_hi": 16.622181445725104,
      "bootstrap_p": 0.0,
      "bootstrap_p_corrected": 0.0,
      "bootstrap_significant": true
    },
    {
      "exp_a": 27,
      "backbone_a": "densenet121",
      "mae_a": 17.920249744337433,
      "exp_b": 28,
      "backbone_b": "inceptionv3",
      "mae_b": 17.15889004298619,
      "n_common": 98,
      "wilcoxon_W": 2225.0,
      "wilcoxon_p": 0.4774020744020301,
      "wilcoxon_p_corrected": 2.8644124464121807,
      "wilcoxon_r": 0.541331684188827,
      "wilcoxon_significant": false,
      "bootstrap_delta": 0.7613597013512425,
      "bootstrap_ci_lo": -1.7412863332398085,
      "bootstrap_ci_hi": 3.2208437296808974,
      "bootstrap_p": 0.5521,
      "bootstrap_p_corrected": 3.3126,
      "bootstrap_significant": false
    }
  ]
}